entity_id,state,last_changed
sensor.wasserbett_wassertemperatur_rechts,28.1875,2026-04-25T22:00:00.000Z
sensor.wasserbett_wassertemperatur_rechts,28.125,2026-04-25T22:04:37.822Z
sensor.wasserbett_wassertemperatur_rechts,28.1875,2026-04-25T22:05:04.901Z
sensor.wasserbett_wassertemperatur_rechts,28.125,2026-04-25T22:06:04.806Z
sensor.wasserbett_wassertemperatur_rechts,28.1875,2026-04-25T22:12:04.797Z
sensor.wasserbett_wassertemperatur_rechts,28.125,2026-04-25T22:12:37.548Z
sensor.wasserbett_wassertemperatur_rechts,unavailable,2026-04-25T22:14:58.296Z
sensor.wasserbett_wassertemperatur_rechts,28.125,2026-04-25T22:15:21.344Z
sensor.wasserbett_wassertemperatur_rechts,28.0625,2026-04-25T22:33:34.839Z
sensor.wasserbett_wassertemperatur_rechts,28.125,2026-04-25T22:34:04.840Z
sensor.wasserbett_wassertemperatur_rechts,28.0625,2026-04-25T22:36:34.843Z
sensor.wasserbett_wassertemperatur_rechts,28.125,2026-04-25T22:38:34.848Z
sensor.wasserbett_wassertemperatur_rechts,28.0625,2026-04-25T22:39:04.851Z
sensor.wasserbett_wassertemperatur_rechts,28.125,2026-04-25T22:40:04.853Z
sensor.wasserbett_wassertemperatur_rechts,28.0625,2026-04-25T22:41:04.855Z
sensor.wasserbett_wassertemperatur_rechts,28.125,2026-04-25T22:42:34.854Z
sensor.wasserbett_wassertemperatur_rechts,28.0625,2026-04-25T22:43:04.859Z
sensor.wasserbett_wassertemperatur_rechts,28.125,2026-04-25T22:45:34.865Z
sensor.wasserbett_wassertemperatur_rechts,28.0625,2026-04-25T22:46:04.867Z
sensor.wasserbett_wassertemperatur_rechts,28.125,2026-04-25T22:49:34.876Z
sensor.wasserbett_wassertemperatur_rechts,28.0625,2026-04-25T22:50:04.877Z
sensor.wasserbett_wassertemperatur_rechts,28.0,2026-04-25T23:06:34.920Z
sensor.wasserbett_wassertemperatur_rechts,28.0625,2026-04-25T23:07:04.922Z
sensor.wasserbett_wassertemperatur_rechts,28.0,2026-04-25T23:07:34.921Z
sensor.wasserbett_wassertemperatur_rechts,28.0625,2026-04-25T23:08:04.922Z
sensor.wasserbett_wassertemperatur_rechts,28.0,2026-04-25T23:13:34.932Z
sensor.wasserbett_wassertemperatur_rechts,28.0625,2026-04-25T23:14:34.939Z
sensor.wasserbett_wassertemperatur_rechts,28.0,2026-04-25T23:15:34.938Z
sensor.wasserbett_wassertemperatur_rechts,28.0625,2026-04-25T23:16:34.939Z
sensor.wasserbett_wassertemperatur_rechts,28.0,2026-04-25T23:17:04.944Z
sensor.wasserbett_wassertemperatur_rechts,28.0625,2026-04-25T23:17:34.943Z
sensor.wasserbett_wassertemperatur_rechts,28.0,2026-04-25T23:18:34.954Z
sensor.wasserbett_wassertemperatur_rechts,unavailable,2026-04-25T23:23:12.210Z
sensor.wasserbett_wassertemperatur_rechts,28.0,2026-04-25T23:23:12.415Z
sensor.wasserbett_wassertemperatur_rechts,28.0625,2026-04-25T23:30:34.982Z
sensor.wasserbett_wassertemperatur_rechts,28.0,2026-04-25T23:31:04.988Z
sensor.wasserbett_wassertemperatur_rechts,27.9375,2026-04-25T23:48:35.026Z
sensor.wasserbett_wassertemperatur_rechts,28.0,2026-04-25T23:49:05.029Z
sensor.wasserbett_wassertemperatur_rechts,27.9375,2026-04-25T23:52:05.038Z
sensor.wasserbett_wassertemperatur_rechts,28.0,2026-04-25T23:52:35.046Z
sensor.wasserbett_wassertemperatur_rechts,27.9375,2026-04-25T23:53:05.042Z
sensor.wasserbett_wassertemperatur_rechts,28.0,2026-04-25T23:53:35.040Z
sensor.wasserbett_wassertemperatur_rechts,27.9375,2026-04-25T23:55:35.077Z
sensor.wasserbett_wassertemperatur_rechts,28.0,2026-04-25T23:56:05.055Z
sensor.wasserbett_wassertemperatur_rechts,27.9375,2026-04-25T23:56:35.060Z
sensor.wasserbett_wassertemperatur_rechts,28.0,2026-04-25T23:58:35.060Z
sensor.wasserbett_wassertemperatur_rechts,27.9375,2026-04-25T23:59:35.063Z
sensor.wasserbett_wassertemperatur_rechts,28.0,2026-04-26T00:01:05.062Z
sensor.wasserbett_wassertemperatur_rechts,27.9375,2026-04-26T00:02:35.068Z
sensor.wasserbett_wassertemperatur_rechts,28.0,2026-04-26T00:03:05.069Z
sensor.wasserbett_wassertemperatur_rechts,27.9375,2026-04-26T00:03:35.072Z
sensor.wasserbett_wassertemperatur_rechts,27.875,2026-04-26T00:19:05.095Z
sensor.wasserbett_wassertemperatur_rechts,27.9375,2026-04-26T00:19:35.102Z
sensor.wasserbett_wassertemperatur_rechts,27.875,2026-04-26T00:21:35.110Z
sensor.wasserbett_wassertemperatur_rechts,27.9375,2026-04-26T00:22:05.104Z
sensor.wasserbett_wassertemperatur_rechts,unavailable,2026-04-26T00:53:19.830Z
sensor.wasserbett_wassertemperatur_rechts,27.9375,2026-04-26T00:53:20.011Z
sensor.wasserbett_wassertemperatur_rechts,28.0,2026-04-26T01:00:35.189Z
sensor.wasserbett_wassertemperatur_rechts,27.9375,2026-04-26T01:01:05.189Z
sensor.wasserbett_wassertemperatur_rechts,28.0,2026-04-26T01:05:05.210Z
sensor.wasserbett_wassertemperatur_rechts,27.9375,2026-04-26T01:05:35.210Z
sensor.wasserbett_wassertemperatur_rechts,28.0,2026-04-26T01:06:35.220Z
sensor.wasserbett_wassertemperatur_rechts,27.9375,2026-04-26T01:08:05.207Z
sensor.wasserbett_wassertemperatur_rechts,28.0,2026-04-26T01:08:35.211Z
sensor.wasserbett_wassertemperatur_rechts,27.9375,2026-04-26T01:10:35.256Z
sensor.wasserbett_wassertemperatur_rechts,28.0,2026-04-26T01:11:05.213Z
sensor.wasserbett_wassertemperatur_rechts,27.9375,2026-04-26T01:11:35.214Z
sensor.wasserbett_wassertemperatur_rechts,28.0,2026-04-26T01:12:35.217Z
sensor.wasserbett_wassertemperatur_rechts,27.9375,2026-04-26T01:15:35.218Z
sensor.wasserbett_wassertemperatur_rechts,28.0,2026-04-26T01:16:05.221Z
sensor.wasserbett_wassertemperatur_rechts,28.0625,2026-04-26T01:25:35.241Z
sensor.wasserbett_wassertemperatur_rechts,28.0,2026-04-26T01:26:05.251Z
sensor.wasserbett_wassertemperatur_rechts,28.0625,2026-04-26T01:27:35.245Z
sensor.wasserbett_wassertemperatur_rechts,28.0,2026-04-26T01:28:05.247Z
sensor.wasserbett_wassertemperatur_rechts,28.0625,2026-04-26T01:32:35.260Z
sensor.wasserbett_wassertemperatur_rechts,28.0,2026-04-26T01:33:05.262Z
sensor.wasserbett_wassertemperatur_rechts,28.0625,2026-04-26T01:34:35.267Z
sensor.wasserbett_wassertemperatur_rechts,28.0,2026-04-26T01:35:05.268Z
sensor.wasserbett_wassertemperatur_rechts,28.0625,2026-04-26T01:36:35.273Z
sensor.wasserbett_wassertemperatur_rechts,28.0,2026-04-26T01:37:05.273Z
sensor.wasserbett_wassertemperatur_rechts,28.0625,2026-04-26T01:38:35.274Z
sensor.wasserbett_wassertemperatur_rechts,28.0,2026-04-26T01:39:35.276Z
sensor.wasserbett_wassertemperatur_rechts,28.0625,2026-04-26T01:42:05.282Z
sensor.wasserbett_wassertemperatur_rechts,28.0,2026-04-26T01:46:35.293Z
sensor.wasserbett_wassertemperatur_rechts,28.0625,2026-04-26T01:47:05.301Z
sensor.wasserbett_wassertemperatur_rechts,28.125,2026-04-26T01:57:35.324Z
sensor.wasserbett_wassertemperatur_rechts,28.0625,2026-04-26T01:58:05.329Z
sensor.wasserbett_wassertemperatur_rechts,28.125,2026-04-26T01:58:35.330Z
sensor.wasserbett_wassertemperatur_rechts,28.0625,2026-04-26T02:00:05.335Z
sensor.wasserbett_wassertemperatur_rechts,28.125,2026-04-26T02:00:35.334Z
sensor.wasserbett_wassertemperatur_rechts,28.0625,2026-04-26T02:04:05.341Z
sensor.wasserbett_wassertemperatur_rechts,28.125,2026-04-26T02:04:35.342Z
sensor.wasserbett_wassertemperatur_rechts,28.1875,2026-04-26T02:09:35.373Z
sensor.wasserbett_wassertemperatur_rechts,28.125,2026-04-26T02:10:35.411Z
sensor.wasserbett_wassertemperatur_rechts,28.1875,2026-04-26T02:11:05.362Z
sensor.wasserbett_wassertemperatur_rechts,28.25,2026-04-26T02:19:05.381Z
sensor.wasserbett_wassertemperatur_rechts,28.1875,2026-04-26T02:19:35.381Z
sensor.wasserbett_wassertemperatur_rechts,28.25,2026-04-26T02:20:05.382Z
sensor.wasserbett_wassertemperatur_rechts,28.1875,2026-04-26T02:20:35.384Z
sensor.wasserbett_wassertemperatur_rechts,28.25,2026-04-26T02:21:35.391Z
sensor.wasserbett_wassertemperatur_rechts,28.3125,2026-04-26T02:30:35.415Z
sensor.wasserbett_wassertemperatur_rechts,28.25,2026-04-26T02:31:05.415Z
sensor.wasserbett_wassertemperatur_rechts,28.3125,2026-04-26T02:31:35.415Z
sensor.wasserbett_wassertemperatur_rechts,28.375,2026-04-26T02:37:35.418Z
sensor.wasserbett_wassertemperatur_rechts,28.3125,2026-04-26T02:38:35.540Z
sensor.wasserbett_wassertemperatur_rechts,28.375,2026-04-26T02:39:35.452Z
sensor.wasserbett_wassertemperatur_rechts,28.3125,2026-04-26T02:40:35.424Z
sensor.wasserbett_wassertemperatur_rechts,28.375,2026-04-26T02:41:05.464Z
sensor.wasserbett_wassertemperatur_rechts,28.4375,2026-04-26T02:46:35.455Z
sensor.wasserbett_wassertemperatur_rechts,28.375,2026-04-26T02:47:35.458Z
sensor.wasserbett_wassertemperatur_rechts,28.4375,2026-04-26T02:48:05.449Z
sensor.wasserbett_wassertemperatur_rechts,28.5,2026-04-26T02:55:05.493Z
sensor.wasserbett_wassertemperatur_rechts,28.5625,2026-04-26T03:01:35.481Z
sensor.wasserbett_wassertemperatur_rechts,28.5,2026-04-26T03:02:35.502Z
sensor.wasserbett_wassertemperatur_rechts,28.5625,2026-04-26T03:03:05.510Z
sensor.wasserbett_wassertemperatur_rechts,28.5,2026-04-26T03:04:35.488Z
sensor.wasserbett_wassertemperatur_rechts,28.5625,2026-04-26T03:05:05.519Z
sensor.wasserbett_wassertemperatur_rechts,28.625,2026-04-26T03:10:35.519Z
sensor.wasserbett_wassertemperatur_rechts,28.5625,2026-04-26T03:11:35.520Z
sensor.wasserbett_wassertemperatur_rechts,28.625,2026-04-26T03:12:05.523Z
sensor.wasserbett_wassertemperatur_rechts,28.5625,2026-04-26T03:12:35.505Z
sensor.wasserbett_wassertemperatur_rechts,28.625,2026-04-26T03:13:05.508Z
sensor.wasserbett_wassertemperatur_rechts,28.6875,2026-04-26T03:17:05.541Z
sensor.wasserbett_wassertemperatur_rechts,28.625,2026-04-26T03:17:35.534Z
sensor.wasserbett_wassertemperatur_rechts,28.6875,2026-04-26T03:18:35.536Z
sensor.wasserbett_wassertemperatur_rechts,28.625,2026-04-26T03:19:05.557Z
sensor.wasserbett_wassertemperatur_rechts,28.6875,2026-04-26T03:19:35.558Z
sensor.wasserbett_wassertemperatur_rechts,28.75,2026-04-26T03:23:05.547Z
sensor.wasserbett_wassertemperatur_rechts,28.6875,2026-04-26T03:23:35.553Z
sensor.wasserbett_wassertemperatur_rechts,28.75,2026-04-26T03:26:05.560Z
sensor.wasserbett_wassertemperatur_rechts,28.6875,2026-04-26T03:26:35.566Z
sensor.wasserbett_wassertemperatur_rechts,28.75,2026-04-26T03:27:05.573Z
sensor.wasserbett_wassertemperatur_rechts,28.8125,2026-04-26T03:31:35.573Z
sensor.wasserbett_wassertemperatur_rechts,28.75,2026-04-26T03:32:05.581Z
sensor.wasserbett_wassertemperatur_rechts,28.8125,2026-04-26T03:32:35.574Z
sensor.wasserbett_wassertemperatur_rechts,28.875,2026-04-26T03:39:05.582Z
sensor.wasserbett_wassertemperatur_rechts,28.8125,2026-04-26T03:39:35.594Z
sensor.wasserbett_wassertemperatur_rechts,28.875,2026-04-26T03:40:05.600Z
sensor.wasserbett_wassertemperatur_rechts,28.9375,2026-04-26T03:46:05.604Z
sensor.wasserbett_wassertemperatur_rechts,28.875,2026-04-26T03:47:35.611Z
sensor.wasserbett_wassertemperatur_rechts,28.9375,2026-04-26T03:48:35.614Z
sensor.wasserbett_wassertemperatur_rechts,29.0,2026-04-26T03:53:35.621Z
sensor.wasserbett_wassertemperatur_rechts,29.0625,2026-04-26T03:59:35.622Z
sensor.wasserbett_wassertemperatur_rechts,29.0,2026-04-26T04:00:05.650Z
sensor.wasserbett_wassertemperatur_rechts,29.0625,2026-04-26T04:00:35.631Z
sensor.wasserbett_wassertemperatur_rechts,29.0,2026-04-26T04:01:35.642Z
sensor.wasserbett_wassertemperatur_rechts,29.0625,2026-04-26T04:02:05.650Z
sensor.wasserbett_wassertemperatur_rechts,29.125,2026-04-26T04:07:35.645Z
sensor.wasserbett_wassertemperatur_rechts,29.1875,2026-04-26T04:14:05.649Z
sensor.wasserbett_wassertemperatur_rechts,29.25,2026-04-26T04:19:05.679Z
sensor.wasserbett_wassertemperatur_rechts,29.1875,2026-04-26T04:19:35.662Z
sensor.wasserbett_wassertemperatur_rechts,29.25,2026-04-26T04:20:05.679Z
sensor.wasserbett_wassertemperatur_rechts,29.3125,2026-04-26T04:25:05.682Z
sensor.wasserbett_wassertemperatur_rechts,29.25,2026-04-26T04:25:35.685Z
sensor.wasserbett_wassertemperatur_rechts,29.3125,2026-04-26T04:27:35.682Z
sensor.wasserbett_wassertemperatur_rechts,29.375,2026-04-26T04:33:35.873Z
sensor.wasserbett_wassertemperatur_rechts,29.3125,2026-04-26T04:34:35.740Z
sensor.wasserbett_wassertemperatur_rechts,29.375,2026-04-26T04:35:05.684Z
sensor.wasserbett_wassertemperatur_rechts,29.4375,2026-04-26T04:39:05.701Z
sensor.wasserbett_wassertemperatur_rechts,29.375,2026-04-26T04:39:36.284Z
sensor.wasserbett_wassertemperatur_rechts,29.4375,2026-04-26T04:41:06.496Z
sensor.wasserbett_wassertemperatur_rechts,29.375,2026-04-26T04:41:43.211Z
sensor.wasserbett_wassertemperatur_rechts,29.4375,2026-04-26T04:42:05.824Z
sensor.wasserbett_wassertemperatur_rechts,29.75,2026-04-26T04:43:35.740Z
sensor.wasserbett_wassertemperatur_rechts,30.0625,2026-04-26T04:44:05.717Z
sensor.wasserbett_wassertemperatur_rechts,30.1875,2026-04-26T04:44:35.766Z
sensor.wasserbett_wassertemperatur_rechts,30.25,2026-04-26T04:45:06.022Z
sensor.wasserbett_wassertemperatur_rechts,30.3125,2026-04-26T04:45:35.748Z
sensor.wasserbett_wassertemperatur_rechts,30.25,2026-04-26T04:49:05.741Z
sensor.wasserbett_wassertemperatur_rechts,30.3125,2026-04-26T04:49:35.773Z
sensor.wasserbett_wassertemperatur_rechts,30.1875,2026-04-26T04:50:06.191Z
sensor.wasserbett_wassertemperatur_rechts,30.125,2026-04-26T04:51:05.715Z
sensor.wasserbett_wassertemperatur_rechts,30.0625,2026-04-26T04:52:36.038Z
sensor.wasserbett_wassertemperatur_rechts,30.125,2026-04-26T05:10:36.122Z
sensor.wasserbett_wassertemperatur_rechts,30.0625,2026-04-26T05:11:05.983Z
sensor.wasserbett_wassertemperatur_rechts,30.125,2026-04-26T05:15:05.761Z
sensor.wasserbett_wassertemperatur_rechts,30.0625,2026-04-26T05:16:05.911Z
sensor.wasserbett_wassertemperatur_rechts,30.125,2026-04-26T05:17:36.544Z
sensor.wasserbett_wassertemperatur_rechts,30.0625,2026-04-26T05:19:05.894Z
sensor.wasserbett_wassertemperatur_rechts,30.125,2026-04-26T05:19:36.086Z
sensor.wasserbett_wassertemperatur_rechts,30.0625,2026-04-26T05:20:35.804Z
sensor.wasserbett_wassertemperatur_rechts,30.125,2026-04-26T05:21:05.840Z
sensor.wasserbett_wassertemperatur_rechts,30.0625,2026-04-26T05:21:42.536Z
sensor.wasserbett_wassertemperatur_rechts,30.125,2026-04-26T05:24:35.986Z
sensor.wasserbett_wassertemperatur_rechts,30.0625,2026-04-26T05:25:35.832Z
sensor.wasserbett_wassertemperatur_rechts,30.125,2026-04-26T05:27:05.796Z
sensor.wasserbett_wassertemperatur_rechts,30.0625,2026-04-26T05:27:36.682Z
sensor.wasserbett_wassertemperatur_rechts,30.125,2026-04-26T05:28:11.346Z
sensor.wasserbett_wassertemperatur_rechts,30.0625,2026-04-26T05:29:08.046Z
sensor.wasserbett_wassertemperatur_rechts,30.125,2026-04-26T05:29:35.965Z
sensor.wasserbett_wassertemperatur_rechts,30.0625,2026-04-26T05:30:36.647Z
sensor.wasserbett_wassertemperatur_rechts,30.125,2026-04-26T05:32:05.987Z
sensor.wasserbett_wassertemperatur_rechts,30.0625,2026-04-26T05:32:35.819Z
sensor.wasserbett_wassertemperatur_rechts,30.125,2026-04-26T05:33:35.819Z
sensor.wasserbett_wassertemperatur_rechts,30.0625,2026-04-26T05:35:36.323Z
sensor.wasserbett_wassertemperatur_rechts,30.125,2026-04-26T05:36:05.805Z
sensor.wasserbett_wassertemperatur_rechts,30.0625,2026-04-26T05:38:05.819Z
sensor.wasserbett_wassertemperatur_rechts,30.125,2026-04-26T05:39:05.831Z
sensor.wasserbett_wassertemperatur_rechts,30.0625,2026-04-26T05:40:05.818Z
sensor.wasserbett_wassertemperatur_rechts,30.125,2026-04-26T05:40:37.266Z
sensor.wasserbett_wassertemperatur_rechts,30.0625,2026-04-26T05:42:38.042Z
sensor.wasserbett_wassertemperatur_rechts,30.125,2026-04-26T05:43:06.025Z
sensor.wasserbett_wassertemperatur_rechts,30.0625,2026-04-26T05:46:35.827Z
sensor.wasserbett_wassertemperatur_rechts,30.125,2026-04-26T05:47:35.837Z
sensor.wasserbett_wassertemperatur_rechts,30.0625,2026-04-26T05:49:05.869Z
sensor.wasserbett_wassertemperatur_rechts,30.125,2026-04-26T05:49:36.011Z
sensor.wasserbett_wassertemperatur_rechts,30.0625,2026-04-26T05:50:05.816Z
sensor.wasserbett_wassertemperatur_rechts,30.125,2026-04-26T05:51:05.827Z
sensor.wasserbett_wassertemperatur_rechts,30.0625,2026-04-26T05:51:35.831Z
sensor.wasserbett_wassertemperatur_rechts,30.125,2026-04-26T05:52:05.886Z
sensor.wasserbett_wassertemperatur_rechts,30.0625,2026-04-26T05:52:35.839Z
sensor.wasserbett_wassertemperatur_rechts,30.125,2026-04-26T05:53:35.872Z
sensor.wasserbett_wassertemperatur_rechts,30.0625,2026-04-26T05:54:05.864Z
sensor.wasserbett_wassertemperatur_rechts,30.125,2026-04-26T05:54:35.855Z
sensor.wasserbett_wassertemperatur_rechts,30.0625,2026-04-26T05:55:07.123Z
sensor.wasserbett_wassertemperatur_rechts,30.125,2026-04-26T05:56:35.816Z
sensor.wasserbett_wassertemperatur_rechts,30.0625,2026-04-26T05:57:05.944Z
sensor.wasserbett_wassertemperatur_rechts,30.125,2026-04-26T05:57:35.842Z
sensor.wasserbett_wassertemperatur_rechts,30.0625,2026-04-26T05:58:06.216Z
sensor.wasserbett_wassertemperatur_rechts,30.125,2026-04-26T05:59:05.877Z
sensor.wasserbett_wassertemperatur_rechts,30.0625,2026-04-26T05:59:36.057Z
sensor.wasserbett_wassertemperatur_rechts,30.125,2026-04-26T06:00:38.099Z
sensor.wasserbett_wassertemperatur_rechts,30.0625,2026-04-26T06:01:06.459Z
sensor.wasserbett_wassertemperatur_rechts,30.125,2026-04-26T06:02:36.190Z
sensor.wasserbett_wassertemperatur_rechts,30.0625,2026-04-26T06:05:35.873Z
sensor.wasserbett_wassertemperatur_rechts,30.125,2026-04-26T06:06:35.934Z
sensor.wasserbett_wassertemperatur_rechts,30.0625,2026-04-26T06:07:07.755Z
sensor.wasserbett_wassertemperatur_rechts,30.125,2026-04-26T06:08:35.903Z
sensor.wasserbett_wassertemperatur_rechts,30.1875,2026-04-26T06:10:35.935Z
sensor.wasserbett_wassertemperatur_rechts,30.125,2026-04-26T06:11:05.945Z
sensor.wasserbett_wassertemperatur_rechts,30.1875,2026-04-26T06:12:35.954Z
sensor.wasserbett_wassertemperatur_rechts,30.125,2026-04-26T06:13:06.061Z
sensor.wasserbett_wassertemperatur_rechts,30.1875,2026-04-26T06:14:08.568Z
sensor.wasserbett_wassertemperatur_rechts,30.125,2026-04-26T06:15:36.024Z
sensor.wasserbett_wassertemperatur_rechts,30.1875,2026-04-26T06:16:06.157Z
sensor.wasserbett_wassertemperatur_rechts,30.125,2026-04-26T06:19:35.934Z
sensor.wasserbett_wassertemperatur_rechts,30.1875,2026-04-26T06:20:12.067Z
sensor.wasserbett_wassertemperatur_rechts,30.125,2026-04-26T06:44:08.489Z
sensor.wasserbett_wassertemperatur_rechts,30.1875,2026-04-26T06:44:35.933Z
sensor.wasserbett_wassertemperatur_rechts,30.125,2026-04-26T06:49:05.975Z
sensor.wasserbett_wassertemperatur_rechts,30.1875,2026-04-26T06:49:43.700Z
sensor.wasserbett_wassertemperatur_rechts,30.125,2026-04-26T06:53:06.087Z
sensor.wasserbett_wassertemperatur_rechts,30.1875,2026-04-26T06:53:38.542Z
sensor.wasserbett_wassertemperatur_rechts,30.125,2026-04-26T06:54:36.211Z
sensor.wasserbett_wassertemperatur_rechts,30.1875,2026-04-26T06:58:36.319Z
sensor.wasserbett_wassertemperatur_rechts,30.125,2026-04-26T07:00:08.391Z
sensor.wasserbett_wassertemperatur_rechts,30.1875,2026-04-26T07:01:16.136Z
sensor.wasserbett_wassertemperatur_rechts,30.125,2026-04-26T07:01:36.891Z
sensor.wasserbett_wassertemperatur_rechts,30.1875,2026-04-26T07:02:06.378Z
sensor.wasserbett_wassertemperatur_rechts,30.125,2026-04-26T07:04:35.991Z
sensor.wasserbett_wassertemperatur_rechts,30.1875,2026-04-26T07:05:39.288Z
sensor.wasserbett_wassertemperatur_rechts,30.125,2026-04-26T07:10:06.007Z
sensor.wasserbett_wassertemperatur_rechts,30.1875,2026-04-26T07:10:45.446Z
sensor.wasserbett_wassertemperatur_rechts,30.125,2026-04-26T07:19:06.028Z
sensor.wasserbett_wassertemperatur_rechts,30.1875,2026-04-26T07:19:36.119Z
sensor.wasserbett_wassertemperatur_rechts,30.125,2026-04-26T07:24:36.030Z
sensor.wasserbett_wassertemperatur_rechts,30.1875,2026-04-26T07:25:06.088Z
sensor.wasserbett_wassertemperatur_rechts,30.125,2026-04-26T07:26:36.479Z
sensor.wasserbett_wassertemperatur_rechts,30.1875,2026-04-26T07:27:06.076Z
sensor.wasserbett_wassertemperatur_rechts,30.125,2026-04-26T07:27:37.738Z
sensor.wasserbett_wassertemperatur_rechts,30.1875,2026-04-26T07:28:36.052Z
sensor.wasserbett_wassertemperatur_rechts,30.125,2026-04-26T07:29:06.042Z
sensor.wasserbett_wassertemperatur_rechts,30.1875,2026-04-26T07:29:36.079Z
sensor.wasserbett_wassertemperatur_rechts,30.125,2026-04-26T07:30:06.210Z
sensor.wasserbett_wassertemperatur_rechts,30.1875,2026-04-26T07:30:36.679Z
sensor.wasserbett_wassertemperatur_rechts,30.125,2026-04-26T07:31:06.261Z
sensor.wasserbett_wassertemperatur_rechts,30.1875,2026-04-26T07:32:36.217Z
sensor.wasserbett_wassertemperatur_rechts,30.125,2026-04-26T07:33:06.214Z
sensor.wasserbett_wassertemperatur_rechts,30.1875,2026-04-26T07:35:36.540Z
sensor.wasserbett_wassertemperatur_rechts,30.125,2026-04-26T07:36:06.235Z
sensor.wasserbett_wassertemperatur_rechts,30.1875,2026-04-26T07:42:07.289Z
sensor.wasserbett_wassertemperatur_rechts,30.125,2026-04-26T07:42:36.133Z
sensor.wasserbett_wassertemperatur_rechts,30.1875,2026-04-26T07:45:06.154Z
sensor.wasserbett_wassertemperatur_rechts,30.125,2026-04-26T07:45:36.069Z
sensor.wasserbett_wassertemperatur_rechts,30.1875,2026-04-26T07:48:36.143Z
sensor.wasserbett_wassertemperatur_rechts,30.125,2026-04-26T07:49:06.689Z
sensor.wasserbett_wassertemperatur_rechts,30.0625,2026-04-26T08:03:36.092Z
sensor.wasserbett_wassertemperatur_rechts,30.125,2026-04-26T08:04:06.174Z
sensor.wasserbett_wassertemperatur_rechts,30.0625,2026-04-26T08:06:36.835Z
sensor.wasserbett_wassertemperatur_rechts,30.125,2026-04-26T08:07:06.112Z
sensor.wasserbett_wassertemperatur_rechts,30.0625,2026-04-26T08:08:06.120Z
sensor.wasserbett_wassertemperatur_rechts,30.0,2026-04-26T08:27:36.259Z
sensor.wasserbett_wassertemperatur_rechts,30.1875,2026-04-26T08:28:07.931Z
sensor.wasserbett_wassertemperatur_rechts,30.3125,2026-04-26T08:28:36.257Z
sensor.wasserbett_wassertemperatur_rechts,30.375,2026-04-26T08:29:07.537Z
sensor.wasserbett_wassertemperatur_rechts,30.4375,2026-04-26T08:29:36.294Z
sensor.wasserbett_wassertemperatur_rechts,30.5,2026-04-26T08:31:36.673Z
sensor.wasserbett_wassertemperatur_rechts,30.4375,2026-04-26T08:32:08.497Z
sensor.wasserbett_wassertemperatur_rechts,30.375,2026-04-26T08:37:36.561Z
sensor.wasserbett_wassertemperatur_rechts,30.4375,2026-04-26T08:45:06.223Z
sensor.wasserbett_wassertemperatur_rechts,30.375,2026-04-26T08:46:06.618Z
sensor.wasserbett_wassertemperatur_rechts,30.4375,2026-04-26T08:46:36.194Z
sensor.wasserbett_wassertemperatur_rechts,30.375,2026-04-26T08:59:06.206Z
sensor.wasserbett_wassertemperatur_rechts,30.4375,2026-04-26T08:59:36.178Z
sensor.wasserbett_wassertemperatur_rechts,30.375,2026-04-26T09:04:07.357Z
sensor.wasserbett_wassertemperatur_rechts,30.4375,2026-04-26T09:04:36.205Z
sensor.wasserbett_wassertemperatur_rechts,30.375,2026-04-26T09:06:07.063Z
sensor.wasserbett_wassertemperatur_rechts,30.4375,2026-04-26T09:06:36.343Z
sensor.wasserbett_wassertemperatur_rechts,30.375,2026-04-26T09:07:06.196Z
sensor.wasserbett_wassertemperatur_rechts,30.4375,2026-04-26T09:09:10.546Z
sensor.wasserbett_wassertemperatur_rechts,30.375,2026-04-26T09:09:36.250Z
sensor.wasserbett_wassertemperatur_rechts,30.4375,2026-04-26T09:11:36.216Z
sensor.wasserbett_wassertemperatur_rechts,30.375,2026-04-26T09:12:06.318Z
sensor.wasserbett_wassertemperatur_rechts,30.4375,2026-04-26T09:13:28.975Z
sensor.wasserbett_wassertemperatur_rechts,30.375,2026-04-26T09:13:36.316Z
sensor.wasserbett_wassertemperatur_rechts,30.4375,2026-04-26T09:16:06.266Z
sensor.wasserbett_wassertemperatur_rechts,30.375,2026-04-26T09:16:37.745Z
sensor.wasserbett_wassertemperatur_rechts,30.4375,2026-04-26T09:21:06.230Z
sensor.wasserbett_wassertemperatur_rechts,30.375,2026-04-26T09:21:36.252Z
sensor.wasserbett_wassertemperatur_rechts,30.3125,2026-04-26T09:23:06.828Z
sensor.wasserbett_wassertemperatur_rechts,30.375,2026-04-26T09:25:08.895Z
sensor.wasserbett_wassertemperatur_rechts,30.3125,2026-04-26T09:30:36.253Z
sensor.wasserbett_wassertemperatur_rechts,30.375,2026-04-26T09:31:06.321Z
sensor.wasserbett_wassertemperatur_rechts,30.3125,2026-04-26T09:32:06.249Z
sensor.wasserbett_wassertemperatur_rechts,30.375,2026-04-26T09:32:37.160Z
sensor.wasserbett_wassertemperatur_rechts,30.3125,2026-04-26T09:33:06.262Z
sensor.wasserbett_wassertemperatur_rechts,30.25,2026-04-26T09:39:36.539Z
sensor.wasserbett_wassertemperatur_rechts,30.3125,2026-04-26T09:40:06.479Z
sensor.wasserbett_wassertemperatur_rechts,30.25,2026-04-26T09:40:37.024Z
sensor.wasserbett_wassertemperatur_rechts,30.3125,2026-04-26T09:41:06.832Z
sensor.wasserbett_wassertemperatur_rechts,30.25,2026-04-26T09:41:36.651Z
sensor.wasserbett_wassertemperatur_rechts,30.1875,2026-04-26T09:44:07.016Z
sensor.wasserbett_wassertemperatur_rechts,30.125,2026-04-26T09:45:06.786Z
sensor.wasserbett_wassertemperatur_rechts,30.1875,2026-04-26T09:46:07.213Z
sensor.wasserbett_wassertemperatur_rechts,30.125,2026-04-26T09:46:36.382Z
sensor.wasserbett_wassertemperatur_rechts,unavailable,2026-04-26T09:58:37.315Z
sensor.wasserbett_wassertemperatur_rechts,30.0625,2026-04-26T09:58:45.026Z
sensor.wasserbett_wassertemperatur_rechts,30.125,2026-04-26T10:04:06.336Z
sensor.wasserbett_wassertemperatur_rechts,30.1875,2026-04-26T10:06:36.328Z
sensor.wasserbett_wassertemperatur_rechts,30.125,2026-04-26T10:16:07.249Z
sensor.wasserbett_wassertemperatur_rechts,unavailable,2026-04-26T10:20:53.198Z
sensor.wasserbett_wassertemperatur_rechts,30.1875,2026-04-26T10:21:03.775Z
sensor.wasserbett_wassertemperatur_rechts,30.125,2026-04-26T10:21:08.996Z
sensor.wasserbett_wassertemperatur_rechts,30.1875,2026-04-26T10:21:43.177Z
sensor.wasserbett_wassertemperatur_rechts,30.125,2026-04-26T10:22:06.354Z
sensor.wasserbett_wassertemperatur_rechts,30.1875,2026-04-26T10:22:37.371Z
sensor.wasserbett_wassertemperatur_rechts,30.125,2026-04-26T10:23:06.476Z
sensor.wasserbett_wassertemperatur_rechts,30.1875,2026-04-26T10:23:37.352Z
sensor.wasserbett_wassertemperatur_rechts,30.125,2026-04-26T10:24:06.414Z
sensor.wasserbett_wassertemperatur_rechts,30.1875,2026-04-26T10:24:36.362Z
sensor.wasserbett_wassertemperatur_rechts,30.25,2026-04-26T10:32:06.369Z
sensor.wasserbett_wassertemperatur_rechts,30.1875,2026-04-26T10:32:36.466Z
sensor.wasserbett_wassertemperatur_rechts,30.25,2026-04-26T10:33:08.655Z
sensor.wasserbett_wassertemperatur_rechts,30.1875,2026-04-26T10:33:36.365Z
sensor.wasserbett_wassertemperatur_rechts,30.125,2026-04-26T10:36:36.370Z
sensor.wasserbett_wassertemperatur_rechts,30.1875,2026-04-26T10:37:06.372Z
sensor.wasserbett_wassertemperatur_rechts,30.125,2026-04-26T10:37:36.379Z
sensor.wasserbett_wassertemperatur_rechts,30.0625,2026-04-26T10:43:06.401Z
sensor.wasserbett_wassertemperatur_rechts,30.125,2026-04-26T10:43:36.413Z
sensor.wasserbett_wassertemperatur_rechts,30.0625,2026-04-26T10:44:06.403Z
sensor.wasserbett_wassertemperatur_rechts,30.125,2026-04-26T10:46:36.412Z
sensor.wasserbett_wassertemperatur_rechts,30.0625,2026-04-26T10:47:06.416Z
sensor.wasserbett_wassertemperatur_rechts,30.0,2026-04-26T10:57:06.451Z
sensor.wasserbett_wassertemperatur_rechts,30.0625,2026-04-26T10:58:06.445Z
sensor.wasserbett_wassertemperatur_rechts,30.0,2026-04-26T10:59:06.456Z
sensor.wasserbett_wassertemperatur_rechts,30.0625,2026-04-26T10:59:36.455Z
sensor.wasserbett_wassertemperatur_rechts,30.0,2026-04-26T11:00:06.456Z
sensor.wasserbett_wassertemperatur_rechts,30.0625,2026-04-26T11:02:06.459Z
sensor.wasserbett_wassertemperatur_rechts,30.125,2026-04-26T11:03:06.464Z
sensor.wasserbett_wassertemperatur_rechts,30.0625,2026-04-26T11:03:36.465Z
sensor.wasserbett_wassertemperatur_rechts,30.0,2026-04-26T11:09:06.466Z
sensor.wasserbett_wassertemperatur_rechts,30.0625,2026-04-26T11:10:06.464Z
sensor.wasserbett_wassertemperatur_rechts,30.0,2026-04-26T11:13:06.479Z
sensor.wasserbett_wassertemperatur_rechts,29.9375,2026-04-26T11:18:06.493Z
sensor.wasserbett_wassertemperatur_rechts,30.0,2026-04-26T11:18:36.492Z
sensor.wasserbett_wassertemperatur_rechts,29.9375,2026-04-26T11:19:36.496Z
sensor.wasserbett_wassertemperatur_rechts,30.0,2026-04-26T11:20:06.513Z
sensor.wasserbett_wassertemperatur_rechts,29.9375,2026-04-26T11:20:36.499Z
sensor.wasserbett_wassertemperatur_rechts,30.0,2026-04-26T11:21:06.505Z
sensor.wasserbett_wassertemperatur_rechts,29.9375,2026-04-26T11:21:36.504Z
sensor.wasserbett_wassertemperatur_rechts,29.875,2026-04-26T11:30:06.529Z
sensor.wasserbett_wassertemperatur_rechts,29.9375,2026-04-26T11:30:36.534Z
sensor.wasserbett_wassertemperatur_rechts,29.875,2026-04-26T11:34:36.561Z
sensor.wasserbett_wassertemperatur_rechts,29.9375,2026-04-26T11:35:06.546Z
sensor.wasserbett_wassertemperatur_rechts,29.875,2026-04-26T11:35:36.543Z
sensor.wasserbett_wassertemperatur_rechts,29.9375,2026-04-26T11:37:36.545Z
sensor.wasserbett_wassertemperatur_rechts,29.875,2026-04-26T11:38:06.551Z
sensor.wasserbett_wassertemperatur_rechts,29.9375,2026-04-26T11:40:06.560Z
sensor.wasserbett_wassertemperatur_rechts,29.875,2026-04-26T11:40:36.559Z
sensor.wasserbett_wassertemperatur_rechts,29.9375,2026-04-26T11:41:36.564Z
sensor.wasserbett_wassertemperatur_rechts,29.875,2026-04-26T11:42:06.569Z
sensor.wasserbett_wassertemperatur_rechts,29.8125,2026-04-26T11:45:36.572Z
sensor.wasserbett_wassertemperatur_rechts,29.875,2026-04-26T11:46:06.574Z
sensor.wasserbett_wassertemperatur_rechts,29.8125,2026-04-26T11:49:06.575Z
sensor.wasserbett_wassertemperatur_rechts,29.875,2026-04-26T11:49:36.574Z
sensor.wasserbett_wassertemperatur_rechts,29.8125,2026-04-26T11:51:36.578Z
sensor.wasserbett_wassertemperatur_rechts,29.875,2026-04-26T11:52:06.595Z
sensor.wasserbett_wassertemperatur_rechts,29.8125,2026-04-26T11:53:06.584Z
sensor.wasserbett_wassertemperatur_rechts,29.875,2026-04-26T11:53:36.588Z
sensor.wasserbett_wassertemperatur_rechts,29.8125,2026-04-26T11:54:06.601Z
sensor.wasserbett_wassertemperatur_rechts,29.875,2026-04-26T11:54:36.579Z
sensor.wasserbett_wassertemperatur_rechts,29.8125,2026-04-26T11:55:06.580Z
sensor.wasserbett_wassertemperatur_rechts,29.875,2026-04-26T11:55:36.579Z
sensor.wasserbett_wassertemperatur_rechts,29.8125,2026-04-26T11:56:06.584Z
sensor.wasserbett_wassertemperatur_rechts,29.75,2026-04-26T12:05:36.612Z
sensor.wasserbett_wassertemperatur_rechts,29.8125,2026-04-26T12:06:06.603Z
sensor.wasserbett_wassertemperatur_rechts,29.75,2026-04-26T12:08:06.603Z
sensor.wasserbett_wassertemperatur_rechts,29.8125,2026-04-26T12:08:36.607Z
sensor.wasserbett_wassertemperatur_rechts,29.75,2026-04-26T12:09:06.614Z
sensor.wasserbett_wassertemperatur_rechts,29.8125,2026-04-26T12:09:36.615Z
sensor.wasserbett_wassertemperatur_rechts,29.75,2026-04-26T12:10:06.617Z
sensor.wasserbett_wassertemperatur_rechts,29.6875,2026-04-26T12:21:06.645Z
sensor.wasserbett_wassertemperatur_rechts,29.75,2026-04-26T12:23:06.651Z
sensor.wasserbett_wassertemperatur_rechts,29.6875,2026-04-26T12:23:36.650Z
sensor.wasserbett_wassertemperatur_rechts,29.625,2026-04-26T12:32:06.671Z
sensor.wasserbett_wassertemperatur_rechts,29.6875,2026-04-26T12:33:36.673Z
sensor.wasserbett_wassertemperatur_rechts,29.625,2026-04-26T12:34:36.673Z
sensor.wasserbett_wassertemperatur_rechts,29.5625,2026-04-26T12:48:06.722Z
sensor.wasserbett_wassertemperatur_rechts,29.625,2026-04-26T12:50:06.747Z
sensor.wasserbett_wassertemperatur_rechts,29.5625,2026-04-26T12:50:36.728Z
sensor.wasserbett_wassertemperatur_rechts,29.5,2026-04-26T12:56:06.747Z
sensor.wasserbett_wassertemperatur_rechts,29.5625,2026-04-26T12:56:36.750Z
sensor.wasserbett_wassertemperatur_rechts,29.5,2026-04-26T13:00:36.763Z
sensor.wasserbett_wassertemperatur_rechts,29.5625,2026-04-26T13:02:36.772Z
sensor.wasserbett_wassertemperatur_rechts,29.5,2026-04-26T13:03:06.773Z
sensor.wasserbett_wassertemperatur_rechts,29.4375,2026-04-26T13:13:06.796Z
sensor.wasserbett_wassertemperatur_rechts,29.5,2026-04-26T13:13:36.796Z
sensor.wasserbett_wassertemperatur_rechts,29.4375,2026-04-26T13:16:06.806Z
sensor.wasserbett_wassertemperatur_rechts,29.5,2026-04-26T13:19:06.819Z
sensor.wasserbett_wassertemperatur_rechts,29.4375,2026-04-26T13:19:36.815Z
sensor.wasserbett_wassertemperatur_rechts,29.375,2026-04-26T13:29:36.831Z
sensor.wasserbett_wassertemperatur_rechts,29.4375,2026-04-26T13:30:36.830Z
sensor.wasserbett_wassertemperatur_rechts,29.375,2026-04-26T13:31:06.832Z
sensor.wasserbett_wassertemperatur_rechts,29.4375,2026-04-26T13:34:06.835Z
sensor.wasserbett_wassertemperatur_rechts,29.375,2026-04-26T13:34:36.847Z
sensor.wasserbett_wassertemperatur_rechts,29.3125,2026-04-26T13:47:06.856Z
sensor.wasserbett_wassertemperatur_rechts,29.375,2026-04-26T13:47:36.861Z
sensor.wasserbett_wassertemperatur_rechts,29.3125,2026-04-26T13:48:06.863Z
sensor.wasserbett_wassertemperatur_rechts,29.375,2026-04-26T13:48:36.872Z
sensor.wasserbett_wassertemperatur_rechts,29.3125,2026-04-26T13:49:36.869Z
sensor.wasserbett_wassertemperatur_rechts,29.375,2026-04-26T13:51:36.868Z
sensor.wasserbett_wassertemperatur_rechts,29.3125,2026-04-26T13:52:36.870Z
sensor.wasserbett_wassertemperatur_rechts,29.25,2026-04-26T13:59:36.888Z
sensor.wasserbett_wassertemperatur_rechts,29.3125,2026-04-26T14:00:06.893Z
sensor.wasserbett_wassertemperatur_rechts,29.25,2026-04-26T14:01:36.888Z
sensor.wasserbett_wassertemperatur_rechts,29.3125,2026-04-26T14:02:06.888Z
sensor.wasserbett_wassertemperatur_rechts,29.25,2026-04-26T14:05:36.904Z
sensor.wasserbett_wassertemperatur_rechts,29.3125,2026-04-26T14:06:36.911Z
sensor.wasserbett_wassertemperatur_rechts,29.25,2026-04-26T14:07:06.903Z
sensor.wasserbett_wassertemperatur_rechts,29.3125,2026-04-26T14:09:06.908Z
sensor.wasserbett_wassertemperatur_rechts,29.25,2026-04-26T14:09:36.909Z
binary_sensor.bett_prasenz,off,2026-04-25T22:00:00.000Z
binary_sensor.bett_prasenz,on,2026-04-26T04:50:19.126Z
binary_sensor.bett_prasenz,off,2026-04-26T05:39:19.112Z
binary_sensor.bett_prasenz,on,2026-04-26T08:34:20.130Z
binary_sensor.bett_prasenz,off,2026-04-26T09:19:20.152Z
binary_sensor.bett_prasenz,on,2026-04-26T09:50:20.128Z
binary_sensor.bett_prasenz,off,2026-04-26T11:13:20.127Z
